,url
0,https://downloads.unido.org/ot/14/24/14240930/Rwanda MIA _Final project document.pdf
1,https://downloads.unido.org/ot/30/42/30427649/SSS Brazil final.pdf
2,https://downloads.unido.org/ot/32/60/3260482/PRODOC ALGERIA HPMP Stage I_First Tranche_66th ExCom.pdf
3,https://downloads.unido.org/ot/14/23/14239324/Rwanda NAP_Final project document.pdf
4,https://downloads.unido.org/ot/24/59/24592697/GCIP 2 Ukraine RCE_072621.pdf
5,https://downloads.unido.org/ot/17/22/17221942/190115_ProDoc_PromotingUpscalingInnovativeSMEs12052020.PDF
6,https://downloads.unido.org/ot/33/15/33154169/230007_Global_SSS_Open_Source_Tech_Repository_for_AI.pdf
7,https://downloads.unido.org/ot/17/63/17638069/Project document Burundi HPMP stage II PRP .docx
8,https://downloads.unido.org/ot/31/53/31538919/Project Document and Agreement 200084.pdf
9,https://downloads.unido.org/ot/30/31/30313669/10433_CEO_Global_UNIDO_10Mar22.pdf
10,https://downloads.unido.org/ot/15/65/15657129/2019_10_18 190290 Project Document UN Water 2021-2022.pdf
11,https://downloads.unido.org/ot/30/41/30414903/SSS (210130).pdf
12,"https://downloads.unido.org/ot/13/96/13962662/GCF Readiness Proposal - Bahamas, UNIDO-CTCN.PDF"
13,https://downloads.unido.org/ot/25/43/25432135/UNIDO CP Sri Lanka signed 30 November 2021.pdf
14,https://downloads.unido.org/ot/13/35/13350363/EEWiGI_prodoc_BMZ contribution_final.pdf
15,https://downloads.unido.org/ot/13/10/13109025/ID 160112_BiH Final prodoc_28 MAR 2018 Final.pdf
16,https://downloads.unido.org/ot/21/12/21128423/PCP_Egypt_PD validated_final.pdf
17,https://downloads.unido.org/ot/30/93/30937695/230327 ALB HPMP III preparation request - final.pdf
18,https://downloads.unido.org/ot/17/66/17666211/190283_GQSP_Georgia ProDoc_June2020_FINAL.pdf
19,https://downloads.unido.org/ot/31/07/31070556/Burundi KIP-PRP-ExCom 92 FINAL rev after MLFS comments.pdf
20,https://downloads.unido.org/ot/36/05/3605568/CEO Endorsement (GEF Project Document 140391).pdf
21,https://downloads.unido.org/ot/13/55/13557966/Signedprodoc_150201.pdf
22,https://downloads.unido.org/ot/17/07/17070172/Enabling activities for HFC phase-down in Morocco_81s ExCom.pdf
23,https://downloads.unido.org/ot/25/55/25556297/AFB.PPRC_.28.35-Proposal-for-Innovation-Large-Project-for-Kenya-and-Uganda-1.pdf
24,https://downloads.unido.org/ot/85/40/8540585/PCBs project doc signed.pdf
25,https://downloads.unido.org/ot/14/29/14299815/190082-Enterprise Risk Management 2019_FINAL20190410.pdf
26,https://downloads.unido.org/ot/32/89/32891597/signed with GOE_MOF_SMSS06102023.pdf
27,https://downloads.unido.org/ot/25/26/25261384/CAMEROUN_protocole d'accord_190382_annexe A.PDF
28,"https://downloads.unido.org/ot/28/68/28680380/1. Brunei Darussalam – HPMP Stage II, first tranche – project document.pdf"
29,https://downloads.unido.org/ot/28/82/28829058/1. Mexico – HPMP Stage III – preparatory funding request.pdf
30,https://downloads.unido.org/ot/23/58/2358760/DOC.PDF
31,https://downloads.unido.org/ot/27/29/27296648/1. Chad – Kigali HFC implementation plan – preparatory funding request.docx
32,https://downloads.unido.org/ot/31/00/31003442/Condensed FINAL ESIA SIT-SIB v05312023.pdf
33,https://downloads.unido.org/ot/31/15/3115093/CEO Endorsement (GEF Project Document 100283).pdf
34,https://downloads.unido.org/ot/30/41/30411205/Project Document (220089).pdf
35,https://downloads.unido.org/ot/21/38/21389008/CP_2018-22_Signed.pdf
36,https://downloads.unido.org/ot/27/24/27243560/ProjectDocument.pdf
37,https://downloads.unido.org/ot/85/86/8586305/UNIDO Country Programming Framework for Montenegro 2017-2021.pdf
38,https://downloads.unido.org/ot/32/60/32602029/ProDoc_TIGARA project.pdf
39,https://downloads.unido.org/ot/30/41/30412061/200297 Pro doc Bicycle Project India 30 Jan 2023.pdf
40,https://downloads.unido.org/ot/18/93/18939791/PTF3 Revised 150038_PCP_SEN_Coor_Revision2020 SEN 011020 Final USD.pdf
41,https://downloads.unido.org/ot/93/15/9315889/160122_GLO_ECP_prodoc_rev.pdf
42,https://downloads.unido.org/ot/24/37/24371983/1. Rwanda - Kigali HFC phase-down management plan - preparatory funding request.pdf
43,https://downloads.unido.org/ot/24/37/24370425/1. Namibia - Kigali HFC phase-down management plan - preparatory funding request.pdf
44,https://downloads.unido.org/ot/24/28/24287221/1. Brazil - HPMP Stage III - preparatory funding - concept.pdf
45,https://downloads.unido.org/ot/24/28/24287426/1. Somalia - HPMP Stage II - preparatory funding - concept.pdf
46,https://downloads.unido.org/ot/19/52/19522527/WSHPDR2022_ProDoc_200192_30112020_finalized.docx
47,https://downloads.unido.org/ot/28/97/28978327/1. Guinea Bissau – KIP – Preparatory funding request.PDF
48,https://downloads.unido.org/ot/24/34/24345945/1. Lesotho - HFC phase-down plan - preparatory funding request.pdf
49,https://downloads.unido.org/ot/25/08/25089333/Project Document_Country Programme 2021-2025.pdf
50,https://downloads.unido.org/ot/27/08/27084473/1. Serbia – KIP Stage I – preparatory finding request.pdf
51,https://downloads.unido.org/ot/15/71/15717926/UNIDO Country Programme VEN_EB rev_21.04.2020_clean 18.03.2021_signed.pdf
52,https://downloads.unido.org/ot/24/00/24008195/ESMP_200052_Nigeria_GOLD+.pdf
53,https://downloads.unido.org/ot/16/10/16102399/ProDoc_190321 Final.pdf
54,https://downloads.unido.org/ot/15/88/15888312/150097_Fiji_ProDoc_cleared.pdf
55,https://downloads.unido.org/ot/14/29/14297873/Prodoc-DCED2019-22_3May2019.pdf
56,https://downloads.unido.org/ot/15/90/15906152/Signed_Prodoc_190177_India Innovation and Systems Survey 2019.PDF
57,https://downloads.unido.org/ot/29/28/29281215/ESMP_SAP_ID_190280_LDCF_Madagascar.pdf
58,https://downloads.unido.org/ot/25/20/25208360/COTE D'IVOIRE PRP_ExCom 84 - FINAL.docx
59,https://downloads.unido.org/ot/24/36/24360012/1. Zambia - Kigali HFC phase-down management plan - preparatory funding request.pdf
60,https://downloads.unido.org/ot/32/08/32089508/Project Concept_230053_Baseline study on the cotton-to-textile value chain development in the C4 and Côte d'Ivoire_May 2023.pdf
61,https://downloads.unido.org/ot/23/95/23956288/ESMP_200213_Ghana_COVID19.pdf
62,https://downloads.unido.org/ot/88/85/8885548/UNIDO GEF5 CCM Thailand MSP 5725_Greening Industry through Low Carbon Technology Applications for SMEs.pdf
63,https://downloads.unido.org/ot/22/30/22304310/HFC PRP Nigeria.pdf
64,https://downloads.unido.org/ot/30/80/3080549/GEF 5 - UNIDO - Egypt UNIDO ID 4790 CEO endorsement_resubmission 121114.....pdf
65,https://downloads.unido.org/ot/27/15/27155655/Argentina_HPMP Stage III_PRP_Request.pdf
66,https://downloads.unido.org/ot/24/35/24351081/1. Sierra Leone - Kigali HFC phase-down management plan - preparatroy funding request.pdf
67,https://downloads.unido.org/ot/31/65/3165772/GEF5 UNIDO CEO Approval Congo 5325 signed.PDF
68,https://downloads.unido.org/ot/28/87/28875231/220007_ProDoc-GQSP 2.pdf
69,https://downloads.unido.org/ot/75/24/7524581/ProDoc Namibia 170017 signed.pdf
70,https://downloads.unido.org/ot/32/67/32676132/ESSSupportingDocument_Annex J - GOLD Nicaragua ESMP.pdf
71,https://downloads.unido.org/ot/21/41/21416333/PRODOC_200316..pdf
72,https://downloads.unido.org/ot/17/04/17042954/20200313_CP Albania_Signed.pdf
73,https://downloads.unido.org/ot/13/33/13339003/20181221_CPF Moldova_Signed.pdf
74,https://downloads.unido.org/ot/23/93/23932050/UNIDO CP Armenia 2022-2026.pdf
75,https://downloads.unido.org/ot/24/35/24358979/1. Uganda - Kigali HFC phase-down management plan - preparatory funding request.pdf
76,https://downloads.unido.org/ot/15/04/15047956/CP Pakistan _ Final _28 08 2019.pdf
77,https://downloads.unido.org/ot/15/80/15809427/CP Madagascar 2019-2023_signed.pdf
78,https://downloads.unido.org/ot/26/36/26361973/PCP Zambia 2021-2026_signed.pdf
79,https://downloads.unido.org/ot/16/70/16703987/Prodoc_190162.pdf
80,https://downloads.unido.org/ot/30/41/30411160/200266_ProDoc_Business sector ad Gender equality 07042021.pdf
81,https://downloads.unido.org/ot/29/89/29892725/Gabon – Kigali HFC Implementation Plan – preparatory funding request.pdf
82,https://downloads.unido.org/ot/10/97/10978613/ACCES_Project Document.pdf
83,https://downloads.unido.org/ot/31/06/31069816/Project Document Youth_Women_Westukraine_workflow submission for EB_20 March 2023.pdf
84,https://downloads.unido.org/ot/28/97/28978323/1. Saint Lucia – KIP – Preparatory funding request.pdf
85,https://downloads.unido.org/ot/23/51/23510171/CP Cuba 2021-2025_Signed_English.pdf
86,https://downloads.unido.org/ot/30/99/30992400/Annex_J_SL_ESMP_final.pdf
87,"https://downloads.unido.org/ot/19/96/19966214/GCF Readiness Proposal - Ghana, UNIDO .pdf"
88,https://downloads.unido.org/ot/23/78/23784825/ES_June_2021_200267 CAF_11.11.2021_final.pdf
89,https://downloads.unido.org/ot/29/87/29878090/210098 Health Industry Initiative (incl. LogFrame).pdf
90,https://downloads.unido.org/ot/20/42/20420844/Project Document_ID 190319.pdf
91,https://downloads.unido.org/ot/24/35/24351729/1. Jordan - HPMP Stage III - preparatory funding request.pdf
92,https://downloads.unido.org/ot/30/49/30495365/20211214_PRODOC_210230 MIPF.pdf
93,https://downloads.unido.org/ot/22/67/22673320/1. Mexico - HFC phase down plan_preparatory funding request.pdf
94,https://downloads.unido.org/ot/21/33/21338547/2021-04-21_EIO Evaluation work plan-budget 2020-21_Update 2021_EB Approved_F.pdf
95,https://downloads.unido.org/ot/31/67/31676572/Project 230077_Partnering for World Cotton Day 2023_Final.pdf
96,https://downloads.unido.org/ot/25/11/25116209/180338 Project Document_Final_V22102021.pdf
97,https://downloads.unido.org/ot/30/35/30356154/PEA IGTIC UNIDO Signed both sides with dates.pdf
98,https://downloads.unido.org/ot/29/57/29570742/ESMP_SAP_ID_220103_IVC_E-Mobility.pdf
99,https://downloads.unido.org/ot/24/35/24351547/1. Tunisia - Kigali HFC phase-down management plan - preparatory funding request.pdf
100,https://downloads.unido.org/ot/23/41/2341323/GEF 5 UNIDO CEO En Macedonia 4835 signed .pdf
101,https://downloads.unido.org/ot/28/73/28739505/1. Cote d‘Ivoire – KIP – preparatory funding request.pdf
102,https://downloads.unido.org/ot/31/43/31439036/Prodoc-UNIDO programme for COP 28.pdf
103,https://downloads.unido.org/ot/29/15/29150361/Project document.pdf
104,https://downloads.unido.org/ot/22/50/22507087/Senegal HFC phase down plan_preparatory funding request.pdf
105,https://downloads.unido.org/ot/32/08/32082744/220078 - Project Document Summary.pdf
106,https://downloads.unido.org/ot/19/68/19684250/Saudi Arabia _Preparation for HPMP Stage II - Project concept.pdf
107,https://downloads.unido.org/ot/28/74/28747976/1. Bosnia and Herzegovina – KIP Stage I – preparatory funding request.pdf
108,https://downloads.unido.org/ot/31/38/31380316/ProDoc_ID230055_STePP_Vocational_Training_Programme_Final.pdf
109,"https://downloads.unido.org/ot/31/17/31174808/1. Uruguay - HPMP Stage III, second tranche - project document.pdf"
110,https://downloads.unido.org/ot/27/27/27278034/1. Togo - Kigali HFC implementation plan – preparatory funding request.docx
111,https://downloads.unido.org/ot/32/16/32167655/2304012 IP11 India child project concept final.pdf
112,https://downloads.unido.org/ot/30/72/30720111/SSS Global Ocean Energy Alliance.pdf
113,https://downloads.unido.org/ot/23/70/23707166/SAP210219_Compliance and Partnership Prodoc_PCD_Final_04112021.pdf
114,https://downloads.unido.org/ot/27/31/27315914/Project document_200046.pdf
115,https://downloads.unido.org/ot/31/01/31014827/ESSSupportingDocument_Safeguard Risk Identification Form-NZNP IP (2).pdf
116,https://downloads.unido.org/ot/17/65/17650815/Algeria Project Proposal HPMP Stage II.pdf
117,https://downloads.unido.org/ot/15/98/15983181/Approved Project Document - Sustainable use of natural and mineral resources.pdf
118,https://downloads.unido.org/ot/32/67/32675231/ESSSupportingDocument_ANNEX M Environment and Social Management Plan Final.pdf
119,https://downloads.unido.org/ot/15/99/15997091/ProDoc SIDS Strategy_with EB's approval.pdf
120,https://downloads.unido.org/ot/13/90/13901546/UNIDO Country Programme (28.08).pdf
121,https://downloads.unido.org/ot/13/48/13485716/PRODOC_180145.pdf
122,https://downloads.unido.org/ot/29/52/29523414/ESMP_SAP_ID_210282_Regional_Blue_Economy.pdf
123,https://downloads.unido.org/ot/26/13/26139674/Cabo Verde Prodoc SDG Call Blue Economy 21Mar22_FINAL.docx
124,https://downloads.unido.org/ot/33/01/33017602/ProDoc_ID220253_Alliance_Signed.pdf
125,https://downloads.unido.org/ot/86/57/8657504/161017 Final SICREEE Project Document excl. annexes.pdf
126,https://downloads.unido.org/ot/14/23/14235254/Angola NAP _Final project document.pdf
127,https://downloads.unido.org/ot/30/40/30402154/210253_Promoting food safety from farm to fork in low and middle-income countries_Final.docx
128,https://downloads.unido.org/ot/23/23/23239409/210090_Project Document_LDCs Strategy and LLDC Feuille de Route_final.pdf
129,https://downloads.unido.org/ot/13/79/13791031/1.Annex A.2 - Full Application 061218.pdf
130,https://downloads.unido.org/ot/23/28/2328408/GEF5 CEO EndorsementSenegaluPOPs-FI20141002-maintext-AnnexD.pdf
131,https://downloads.unido.org/ot/21/67/21679986/210014_ProDoc_final_operationalizing MICs strategic framework.pdf
132,https://downloads.unido.org/ot/29/57/29573465/2023-02-17 EIO Evaluation Work Plan - Update 2023_Final_Approved.pdf
133,https://downloads.unido.org/ot/27/01/27015252/3ADI+ Suriname Revised Prodoc_Oct_31_2021_Final.pdf
134,https://downloads.unido.org/ot/25/34/25340587/210048_Iraq_Pro-Doc_Skills Development.pdf
135,https://downloads.unido.org/ot/99/77/9977830/Project document 150363 signed by all parties.PDF
136,https://downloads.unido.org/ot/26/28/26281982/ESMP_200232_Philippines_POPs_Mercury_helath-care-waste.pdf
137,https://downloads.unido.org/ot/27/85/27856329/Prodoc _Slovenia Cuba_200007_.pdf
138,https://downloads.unido.org/ot/19/77/19773573/ProDoc - Serbia 200037 final 13.10.2020.pdf
139,https://downloads.unido.org/ot/24/36/24369392/1. Syria - Kigali HFC phase-down management plan - preparatory funding request.pdf
140,https://downloads.unido.org/ot/26/92/26921504/1. Turkiye – KIP Stage I – preparatory finding request.pdf
141,https://downloads.unido.org/ot/32/60/3260297/150058 - PRODOC.pdf
142,https://downloads.unido.org/ot/11/63/11636401/IRPF project document_2017.pdf
143,https://downloads.unido.org/ot/24/37/24371538/Project Concept_ARG_88th meeting submission_12-NOV-2021.pdf
144,https://downloads.unido.org/ot/29/58/29580979/Project Document_MPTF Colombia 210168_signed.pdf
145,https://downloads.unido.org/ot/17/90/17900769/190110 Project Document v2rv final.pdf
146,https://downloads.unido.org/ot/19/68/19686493/Turkmenistan - Institutional Strengthening Project - phase V - Project concept.pdf
147,https://downloads.unido.org/ot/11/07/11075150/UNIDO_PCP Peru Programme Document_Final_December 2017.pdf
148,https://downloads.unido.org/ot/23/61/23618104/210118_Project Document_Rebooting GMIS.pdf
149,https://downloads.unido.org/ot/13/35/13355598/UNIDO GEF 5 POPs 5554_CEO_End_Reg Lac_E-waste_20170224_Rev.pdf
150,https://downloads.unido.org/ot/25/09/25092176/Designing a Global H2 Partnership 090721.pdf
151,https://downloads.unido.org/ot/11/10/11103195/PISID Prodoc Final for EB - 21 June 2018.pdf
152,https://downloads.unido.org/ot/14/51/14510963/PCP_Morocco_Prodoc_signed.pdf
153,https://downloads.unido.org/ot/31/61/3161997/LAO GEF5 PROJECT DOCUMENT final version 3 December final version.pdf
154,https://downloads.unido.org/ot/56/66/5666621/160276_Prodoc Ethiopia Fisheries Institutional capacity building_workingcopy.pdf
155,https://downloads.unido.org/ot/30/36/30363203/signed_Project Document_GQSP Costa Rica.pdf
156,https://downloads.unido.org/ot/30/37/30375640/Project Document_Rev_01.02.2023.pdf
157,https://downloads.unido.org/ot/14/01/14016928/Prodoc NYO_2019_final.pdf
158,https://downloads.unido.org/ot/22/55/22559919/1. Nicaragua - HFC phase down plan_preparatory funding request.pdf
159,https://downloads.unido.org/ot/11/61/11612264/170034 Project Proposal.pdf
160,https://downloads.unido.org/ot/14/79/14795650/180331_PD_Cambodia  IndStat.pdf
161,https://downloads.unido.org/ot/26/39/26397425/UNIDO CP Document-Ghana-2019-2022-Signed version.pdf
162,https://downloads.unido.org/ot/31/70/31706109/20230512 GQSP-SA Phase II project_FINAL SIGNED.pdf
163,https://downloads.unido.org/ot/19/38/19383546/Prodoc 200197 (revised_Final).pdf
164,https://downloads.unido.org/ot/11/84/11848528/CHINA_signed_prodoc_170216_20180618_170216_3 (1).PDF
165,https://downloads.unido.org/ot/26/99/26999053/Signed_UNIDO project document_180041.pdf
166,https://downloads.unido.org/ot/10/99/10990162/ProDoc Support to the First China Int. Import Expo v20062018-update.pdf
167,https://downloads.unido.org/ot/30/35/3035899/GEF5_4788__UNIDO_CCM_CEO_Endorsement_India_Solar_22Nov2013_cleanx.pdf
168,https://downloads.unido.org/ot/26/99/26999419/MSEI - Project Document.pdf
169,https://downloads.unido.org/ot/28/65/28650447/Signed_Prodoc_Annexes)_ID_220061_Enhance_UNIDO_SSTIC_Services_Sept_2022.pdf
170,https://downloads.unido.org/ot/31/01/31011756/Oyo_Centre_ProDoc_Signed_Scanned.pdf
171,https://downloads.unido.org/ot/21/76/21769835/190371 LAC regional coordination in aquaculture_ProDoc_18.08.2021.pdf
172,https://downloads.unido.org/ot/14/37/14370151/ProDoc UNIDO BEWP IV.pdf
173,https://downloads.unido.org/ot/28/97/28973075/2202036_Form.pdf
174,https://downloads.unido.org/ot/19/66/19669309/Chile - Preparation of HPMP Stage III - project concept.pdf
175,https://downloads.unido.org/ot/27/75/27758064/220006 Project Document signed.pdf
176,https://downloads.unido.org/ot/25/12/25120930/Project Document.pdf
177,https://downloads.unido.org/ot/14/01/14019390/Signed CoE prodoc.pdf
178,https://downloads.unido.org/ot/23/19/23192365/200090_Project Document_9th LDC MC and LDC5_final.pdf
179,https://downloads.unido.org/ot/17/07/17070331/24March_EB_Revised_190143_ProDoc - Opportunities for Youth in Africa_FIN....pdf
180,https://downloads.unido.org/ot/20/40/20409311/GCF_ProDoc_25.02.2021.pdf
181,https://downloads.unido.org/ot/28/14/28141076/11055_PIF_CCA_Resubmission_19Oct22.pdf
182,https://downloads.unido.org/ot/30/21/3021439/GEF 5 UNIDO India  5087 CEO End organic waste signed.pdf
183,https://downloads.unido.org/ot/28/71/28711637/PRODOC_210259_Blockchain Knowledge Hub in Tanzania 7'.pdf
184,https://downloads.unido.org/ot/26/49/26499756/Biannual_GEW_Office_work_plan_2022-_220033_1 (1).PDF
185,https://downloads.unido.org/ot/28/04/28042821/Project document_ID 180072.pdf
186,https://downloads.unido.org/ot/13/10/13109054/SECO_UNOPS_180023_Myanmar_signed prodoc.pdf
187,https://downloads.unido.org/ot/37/43/3743896/150052_UNIDO GEF-5 CEO end Pakistan 5666 signed re-submission01December2015.pdf
188,https://downloads.unido.org/ot/26/39/26397075/2022-04-12 EIO Evaluation Work Plan 2022-2023_Approved by DG-LM.pdf
189,https://downloads.unido.org/ot/32/41/3241183/GEF5_CEO_Endorsement_TNZ_WTE_signed 26 Jun 2014.PDF
190,https://downloads.unido.org/ot/34/36/3436730/Project_document.pdf
191,https://downloads.unido.org/ot/17/17/17177057/Project Document GQSP Vietnam ID 180274_Signed.pdf
192,https://downloads.unido.org/ot/28/26/28265413/Project document.pdf
193,https://downloads.unido.org/ot/24/19/24194072/UNIDO Prodoc Nigeria industrial and innovation park feasibility_V20042021_Final clean.pdf
194,https://downloads.unido.org/ot/30/60/30603049/SSS 220221.pdf
195,https://downloads.unido.org/ot/23/96/23962261/ESMP_200212_Tanzania_COVID19.pdf
196,https://downloads.unido.org/ot/11/71/11716986/GEF5_POPs_ID 5816_CEO_Approval-GUATEMALA PCB-DDT_re-submission.pdf
197,https://downloads.unido.org/ot/13/03/13033601/FINAL PRODOC AgroTech_Somalia_ProDoc_v8 with all comments 4082017.pdf
198,https://downloads.unido.org/ot/25/75/25757813/Annex J_ESMP_10543.pdf
199,https://downloads.unido.org/ot/13/90/13905945/Description of Action.pdf
200,https://downloads.unido.org/ot/23/96/23962262/ESMP_200222_Gabon_COVID19.pdf
201,https://downloads.unido.org/ot/25/58/25583002/Project Document_210170.pdf
202,https://downloads.unido.org/ot/28/37/28376008/KOICA_2021-2023_ProDoc_19 Oct 2022.pdf
203,https://downloads.unido.org/ot/17/42/17425473/GEF Project Document 10440.pdf
204,https://downloads.unido.org/ot/18/58/18584942/EACREEE project ESS form_signed.pdf
205,"https://downloads.unido.org/ot/31/17/31173759/1. Venezuela - KIP, Stage I - preparatory funding request.pdf"
206,https://downloads.unido.org/ot/25/62/25624467/Final+Project+Document+180198_Arrowroot++Industry+Modernization_including+Gov+inputs_revision_16.4.pdf
207,https://downloads.unido.org/ot/30/28/30283477/220167 JSB Iraq project docuemnt (EB approval)rev.Final.pdf
208,https://downloads.unido.org/ot/31/49/31495133/Project Document GQSP INS Phase 2_signed.pdf
209,https://downloads.unido.org/ot/14/94/14942425/SECO GQSP_GHA_190077_VF 3Y final.pdf
210,https://downloads.unido.org/ot/19/77/19772216/ProDoc 190342_Bridge_PTF (Approved PMChina_CLEAN).pdf
211,https://downloads.unido.org/ot/30/20/30209333/PRODOC_230088.pdf
212,https://downloads.unido.org/ot/17/99/17992206/DEY_Prodoc_phase 2 _29052020 - CLEAN.pdf
213,https://downloads.unido.org/ot/32/28/32281574/230120_Project Document_10th LDC MC_revised version 30 October 2023.docx
214,https://downloads.unido.org/ot/30/42/30427643/200138 CEREEAC_Project_Document_EN final.pdf
215,https://downloads.unido.org/ot/21/33/21334587/190320 IHEC ProDoc (19.08.2020 updated and final new implementation date).pdf
216,https://downloads.unido.org/ot/17/40/17407857/Project document_ID 190364.pdf
217,https://downloads.unido.org/ot/27/19/27194598/Project Document -  Ghana CEC.pdf
218,https://downloads.unido.org/ot/30/59/30597899/UNIDO Project number  220085 Women’s Agribusiness for Food Security in Sudan March 2023.pdf
219,https://downloads.unido.org/ot/22/09/22097913/190230 Project Document signature version.pdf
220,https://downloads.unido.org/ot/28/66/28663184/Project Document.pdf
221,https://downloads.unido.org/ot/17/51/17514457/190375 - IDDA III Pro Doc - 20-04-2020-clean.pdf
222,https://downloads.unido.org/ot/25/56/25563959/210038 Syria revatalizing agro-food sector_Final_L2budget08022022.pdf
223,https://downloads.unido.org/ot/24/59/24592990/10455_GCIP Turkey.pdf
224,https://downloads.unido.org/ot/15/08/15082094/WB PH  StageII-HPMP_Philippines final approval.pdf
225,https://downloads.unido.org/ot/29/59/29591411/PRODOC.pdf
226,https://downloads.unido.org/ot/28/53/28535280/210240_Project_Document_OT_Upload.pdf
227,https://downloads.unido.org/ot/30/55/30554613/ESSSupportingDocument_10683Annex J ESMP Ethiopia10683.pdf
228,https://downloads.unido.org/ot/30/61/30614388/Project document 210002_amended .pdf
229,https://downloads.unido.org/ot/17/45/17453518/ProDoc_ITPO Korea_2020-2024_10 June 2020.pdf
230,https://downloads.unido.org/ot/82/83/8283634/GEF6_9323_UNIDO_SC IAP_India_CEO Endorsement Document_Resubmission.pdf
231,https://downloads.unido.org/ot/30/33/30331624/UNIDO_Project_Doc_Three Percent Club_extension_combined_v1_0.docx
232,https://downloads.unido.org/ot/31/76/3176115/130249_GEF-5 CEO Endorsement Indonesia 4446 PCBs_UNIDO resubmission 26 July 2013.pdf
233,https://downloads.unido.org/ot/26/39/26396750/GQSP Albania signed Project Document_SAP ID 200309.pdf
234,https://downloads.unido.org/ot/13/31/13318969/2018_11_22 Project_Document-final.pdf
235,https://downloads.unido.org/ot/30/35/30350541/Joint SDG Fund Proposal - Innov Financing - UN Indonesia (updated June 2021).pdf
236,https://downloads.unido.org/ot/23/71/23716483/Signed Version of PorDoc_SIPC_6th Phase_May_2021.pdf
237,https://downloads.unido.org/ot/15/04/15048561/SAP180264 GEF GOLD global project GEF9697.pdf
238,https://downloads.unido.org/ot/30/42/30428306/21062022_Pro-Doc-STAR-C_final version.pdf
239,https://downloads.unido.org/ot/25/24/25243079/GCIP Cambodia_CEOEndorsement.pdf
240,https://downloads.unido.org/ot/26/05/26056676/GMAP Mozambique_Project Document_signed_29032022.pdf
241,https://downloads.unido.org/ot/30/34/30346366/TRUST FUND AGREEMENT_Timor-Leste-UNIDO-merged.pdf
242,https://downloads.unido.org/ot/18/98/18982892/UNIDO_Project Document_ ID 190131_approved.pdf
243,https://downloads.unido.org/ot/30/36/30365507/1. Annex I Description of Action 424-379_20211209.pdf
244,https://downloads.unido.org/ot/28/04/28046411/ProDoc (revised) -ITPO Italy v2019-2024.pdf
245,https://downloads.unido.org/ot/26/37/26378778/SAP210184 Project document for opendata.pdf
246,https://downloads.unido.org/ot/32/70/32700676/ESMP Report_Nov21.pdf
247,https://downloads.unido.org/ot/13/50/13507882/170136_Final_PRODOC_PWE II_.pdf
248,https://downloads.unido.org/ot/24/37/24378762/Annexe I 200317 DoA incubateur Madagascar UNIDO UNCDF final (002).pdf
249,https://downloads.unido.org/ot/18/89/18895777/Signed project document_EIP Ukraine_English.pdf
250,https://downloads.unido.org/ot/20/42/20421257/Signed project document_180321.pdf
251,https://downloads.unido.org/ot/18/74/18748002/2020_04_27 Countersigend Prodoc.pdf_93867.pdf
252,https://downloads.unido.org/ot/29/66/29662874/Annex I - Description of the Action.pdf
253,https://downloads.unido.org/ot/14/36/14366683/HFC phase-out in domestic  refrigeration resubmission_Rev1_11052018.pdf
254,https://downloads.unido.org/ot/29/47/29472739/190152 Project Document for Egypt 2022 for openplatform.pdf
255,https://downloads.unido.org/ot/23/67/23674311/10456 CEO Endorsement South Africa .pdf
256,https://downloads.unido.org/ot/13/24/13240676/ProjectDocument-UNIDO-ACMA-DHI-PhaseII_Signed.pdf
257,https://downloads.unido.org/ot/11/09/11093286/UNIDO TExtile PRODOC with revisions 16062017.pdf
258,https://downloads.unido.org/ot/26/93/26933973/GCF Readiness Proposal - South Africa UNIDO.pdf
259,https://downloads.unido.org/ot/30/28/30283778/Ukraine 220169 project document (EB version) rev_March 2023.pdf
260,https://downloads.unido.org/ot/17/57/17574813/ProDoc_EB approved_190288_UNIDO ITPO Germany 2020-2022_18Nov2019.pdf
261,https://downloads.unido.org/ot/30/36/30360925/Accord de don avec annexes-MCA-Morocco - ONUDI-PCP Maroc-Zones Industrielles-octobre 2020.pdf
262,https://downloads.unido.org/ot/16/31/16319081/190163_ProDoc_Armenia-IUMP_20191217 (097)_Clean.pdf
263,https://downloads.unido.org/ot/21/98/21983410/20201222_ProDoc GMAP Colombia ENG.pdf
264,https://downloads.unido.org/ot/31/45/3145316/GEF5 UNIDO POPs -Serbia 4877 CEO End resubmission signed.pdf
265,https://downloads.unido.org/ot/30/29/30293507/Project Document (210035).pdf
266,https://downloads.unido.org/ot/16/32/16323452/190272_Project Document_Final.pdf
267,https://downloads.unido.org/ot/21/70/21708783/Final_Project document _19.03.2019.pdf
268,https://downloads.unido.org/ot/17/19/17195518/Project Document.pdf
269,https://downloads.unido.org/ot/30/34/30347942/Annex I - NICACAO signed by Goverment - UNIDO v19dic2023.pdf
270,https://downloads.unido.org/ot/31/39/31395946/Annex I_Description of the Action_CA 428-796.pdf
271,https://downloads.unido.org/ot/21/70/21705385/Promoting youth employment_Liberia Project Document_FINAL.pdf
272,https://downloads.unido.org/ot/15/98/15988644/Project Document.pdf
273,https://downloads.unido.org/ot/19/84/19848006/Signed E&S form_180125.pdf
274,https://downloads.unido.org/ot/31/46/3146458/UNIDO India FSP PCBs-ProDoc-25 Nov09-resubfinal.pdf
275,https://downloads.unido.org/ot/32/56/32564694/IVECF2023_Project Document.pdf
276,https://downloads.unido.org/ot/23/07/23070979/Project Document Final.PDF
277,https://downloads.unido.org/ot/37/54/3754395/ProDoc_GEF 5 UNIDO India LC 4927_rev 4 Jan 2015.pdf
278,https://downloads.unido.org/ot/28/79/28792148/10994_CEO AR_CCA_LDC Initiative_resubmisison_8Jun22.pdf
279,https://downloads.unido.org/ot/23/94/23944977/ESMP_200051_Madagascar_GOLD.pdf
280,https://downloads.unido.org/ot/15/72/15724848/150385_Project Document.pdf
281,"https://downloads.unido.org/ot/28/09/28090056/ESMF_(210238_(Nigeria, Rwanda,Kenya, Uganda and South Africa)_ (Fintech for climate resilience).pdf"
282,https://downloads.unido.org/ot/32/67/32675228/Sri Lanka 190274 ESMF Final Draft 21042023.pdf
283,https://downloads.unido.org/ot/22/34/22340028/PRODOC PROCACAO II ENGLISH.pdf
284,https://downloads.unido.org/ot/35/58/3558497/GEF5_CEO_Endorsement_Sri_Lanka_PCBs_resubmission_23Feb2015.docx.pdf
285,https://downloads.unido.org/ot/15/55/15556751/ProDoc 180298.pdf
286,"https://downloads.unido.org/ot/30/23/30239999/01 Final Proposal of the Oman NAP, approved by GCF 05 01 2023.pdf"
287,https://downloads.unido.org/ot/13/73/13735690/Project Document_EU4Environment.pdf
288,https://downloads.unido.org/ot/25/33/25332522/190393_ESMP_Malaysia_e-mobility.pdf
289,https://downloads.unido.org/ot/26/38/26381735/Annex I - Description of the Action.pdf.pdf
290,https://downloads.unido.org/ot/30/37/30372697/Agreement_UNIDO-Germany_ID 210021_with annex.pdf
291,https://downloads.unido.org/ot/29/14/29142452/ProDoc_phase3_UNIDO ITPO Germany 2023-2025_approved.pdf
292,https://downloads.unido.org/ot/17/49/17492374/PAFAID Prodoc V2 Final.pdf
293,https://downloads.unido.org/ot/16/38/16386241/ITPO Beijing_ProDoc.pdf
294,https://downloads.unido.org/ot/31/44/31440278/Project document_green recovery of Ukraine.pdf
295,https://downloads.unido.org/ot/26/19/26192203/ESMP-220012-Georgia-POPs-recycling.pdf
296,https://downloads.unido.org/ot/15/11/15111780/EU contribution agreement.pdf
297,https://downloads.unido.org/ot/25/08/25084013/Mongolia prodoc 200021 FINAL revised V7i.pdf
298,https://downloads.unido.org/ot/16/38/16388108/ProDoc_ITPO Bahrain_2020_2024_190327.pdf
299,https://downloads.unido.org/ot/31/35/31350840/ProDoc_ITPO_Tokyo_2023-2028_ID_220166.pdf
300,https://downloads.unido.org/ot/14/78/14788760/Final-EELA ProDoc_19010817078_IB.pdf
301,https://downloads.unido.org/ot/24/14/24140506/180285_ESMP_Thailand_e-mobility.pdf
302,https://downloads.unido.org/ot/24/11/24114494/CEOEndorsement_10248.pdf
303,https://downloads.unido.org/ot/17/18/17188635/EU Delegation Final Project Document_160082_UNIDO_MOE_MOYS_NOFIN.pdf
304,https://downloads.unido.org/ot/12/76/12765070/150346 - PFAN (2018) Programme Document.pdf
305,https://downloads.unido.org/ot/13/58/13581520/SwitchMed II_DoA.pdf
306,https://downloads.unido.org/ot/30/30/30307143/Annex I - Description of Action CTR 428-294.docx.pdf
307,https://downloads.unido.org/ot/20/13/20139237/ANNEX L (ESMP) CHINA HBCD.pdf
